{"data/dog_images/test/001.Affenpinscher/Affenpinscher_00023.jpg": 55.998634338378906, "data/dog_images/train/002.Afghan_hound/Afghan_hound_00122.jpg": 41.6507453918457, "data/dog_images/train/003.Airedale_terrier/Airedale_terrier_00209.jpg": 64.29933166503906, "data/dog_images/train/004.Akita/Akita_00220.jpg": 38.19605255126953, "data/dog_images/test/005.Alaskan_malamute/Alaskan_malamute_00309.jpg": 88.20242309570312, "data/dog_images/train/006.American_eskimo_dog/American_eskimo_dog_00468.jpg": 60.48250198364258, "data/dog_images/train/007.American_foxhound/American_foxhound_00483.jpg": 40.043636322021484, "data/dog_images/train/008.American_staffordshire_terrier/American_staffordshire_terrier_00577.jpg": 34.844120025634766, "data/dog_images/train/009.American_water_spaniel/American_water_spaniel_00634.jpg": 31.023237228393555, "data/dog_images/train/010.Anatolian_shepherd_dog/Anatolian_shepherd_dog_00721.jpg": 35.81846618652344, "data/dog_images/train/011.Australian_cattle_dog/Australian_cattle_dog_00748.jpg": 47.42190170288086, "data/dog_images/train/012.Australian_shepherd/Australian_shepherd_00882.jpg": 34.35582733154297, "data/dog_images/train/013.Australian_terrier/Australian_terrier_00946.jpg": 36.65792465209961, "data/dog_images/train/014.Basenji/Basenji_01028.jpg": 47.92036437988281, "data/dog_images/test/015.Basset_hound/Basset_hound_01059.jpg": 58.434669494628906, "data/dog_images/train/016.Beagle/Beagle_01161.jpg": 29.923492431640625, "data/dog_images/test/017.Bearded_collie/Bearded_collie_01274.jpg": 54.68118667602539, "data/dog_images/train/018.Beauceron/Beauceron_01321.jpg": 27.395065307617188, "data/dog_images/valid/019.Bedlington_terrier/Bedlington_terrier_01396.jpg": 61.101654052734375, "data/dog_images/test/020.Belgian_malinois/Belgian_malinois_01471.jpg": 42.80314254760742, "data/dog_images/train/021.Belgian_sheepdog/Belgian_sheepdog_01481.jpg": 56.75714111328125, "data/dog_images/train/022.Belgian_tervuren/Belgian_tervuren_01562.jpg": 49.787750244140625, "data/dog_images/train/023.Bernese_mountain_dog/Bernese_mountain_dog_01691.jpg": 60.660430908203125, "data/dog_images/train/024.Bichon_frise/Bichon_frise_01773.jpg": 53.69633102416992, "data/dog_images/train/025.Black_and_tan_coonhound/Black_and_tan_coonhound_01787.jpg": 53.23404312133789, "data/dog_images/train/026.Black_russian_terrier/Black_russian_terrier_01862.jpg": 35.03302764892578, "data/dog_images/train/027.Bloodhound/Bloodhound_01905.jpg": 66.74430084228516, "data/dog_images/train/028.Bluetick_coonhound/Bluetick_coonhound_01974.jpg": 75.02632904052734, "data/dog_images/valid/029.Border_collie/Border_collie_02085.jpg": 40.95692443847656, "data/dog_images/train/030.Border_terrier/Border_terrier_02106.jpg": 66.4427261352539, "data/dog_images/train/031.Borzoi/Borzoi_02215.jpg": 55.7639274597168, "data/dog_images/train/032.Boston_terrier/Boston_terrier_02303.jpg": 65.23726654052734, "data/dog_images/train/033.Bouvier_des_flandres/Bouvier_des_flandres_02335.jpg": 25.142942428588867, "data/dog_images/train/034.Boxer/Boxer_02372.jpg": 50.91274642944336, "data/dog_images/train/035.Boykin_spaniel/Boykin_spaniel_02504.jpg": 47.414337158203125, "data/dog_images/train/036.Briard/Briard_02551.jpg": 43.75239944458008, "data/dog_images/valid/037.Brittany/Brittany_02644.jpg": 42.08735275268555, "data/dog_images/train/038.Brussels_griffon/Brussels_griffon_02717.jpg": 75.7314453125, "data/dog_images/train/039.Bull_terrier/Bull_terrier_02777.jpg": 56.698482513427734, "data/dog_images/train/040.Bulldog/Bulldog_02829.jpg": 63.861541748046875, "data/dog_images/train/041.Bullmastiff/Bullmastiff_02944.jpg": 92.83037567138672, "data/dog_images/train/042.Cairn_terrier/Cairn_terrier_02992.jpg": 39.287940979003906, "data/dog_images/train/043.Canaan_dog/Canaan_dog_03092.jpg": 46.00710678100586, "data/dog_images/train/044.Cane_corso/Cane_corso_03144.jpg": 42.403385162353516, "data/dog_images/train/045.Cardigan_welsh_corgi/Cardigan_welsh_corgi_03181.jpg": 38.43075180053711, "data/dog_images/train/046.Cavalier_king_charles_spaniel/Cavalier_king_charles_spaniel_03317.jpg": 60.965633392333984, "data/dog_images/train/047.Chesapeake_bay_retriever/Chesapeake_bay_retriever_03394.jpg": 65.1811752319336, "data/dog_images/train/048.Chihuahua/Chihuahua_03439.jpg": 72.35286712646484, "data/dog_images/train/049.Chinese_crested/Chinese_crested_03526.jpg": 36.92075729370117, "data/dog_images/train/050.Chinese_shar-pei/Chinese_shar-pei_03577.jpg": 38.23273849487305, "data/dog_images/train/051.Chow_chow/Chow_chow_03646.jpg": 76.67192077636719, "data/dog_images/train/052.Clumber_spaniel/Clumber_spaniel_03694.jpg": 54.535865783691406, "data/dog_images/train/053.Cocker_spaniel/Cocker_spaniel_03738.jpg": 31.36913299560547, "data/dog_images/train/054.Collie/Collie_03836.jpg": 69.0635757446289, "data/dog_images/train/055.Curly-coated_retriever/Curly-coated_retriever_03899.jpg": 32.909061431884766, "data/dog_images/train/056.Dachshund/Dachshund_03928.jpg": 37.24843215942383, "data/dog_images/valid/057.Dalmatian/Dalmatian_04057.jpg": 87.69970703125, "data/dog_images/train/058.Dandie_dinmont_terrier/Dandie_dinmont_terrier_04153.jpg": 38.165374755859375, "data/dog_images/train/059.Doberman_pinscher/Doberman_pinscher_04166.jpg": 34.97545623779297, "data/dog_images/test/060.Dogue_de_bordeaux/Dogue_de_bordeaux_04281.jpg": 56.63915252685547, "data/dog_images/train/061.English_cocker_spaniel/English_cocker_spaniel_04294.jpg": 38.46229553222656, "data/dog_images/train/062.English_setter/English_setter_04387.jpg": 40.96213912963867, "data/dog_images/train/063.English_springer_spaniel/English_springer_spaniel_04471.jpg": 38.290897369384766, "data/dog_images/train/064.English_toy_spaniel/English_toy_spaniel_04535.jpg": 55.326229095458984, "data/dog_images/test/065.Entlebucher_mountain_dog/Entlebucher_mountain_dog_04595.jpg": 46.092979431152344, "data/dog_images/train/066.Field_spaniel/Field_spaniel_04635.jpg": 64.93382263183594, "data/dog_images/train/067.Finnish_spitz/Finnish_spitz_04660.jpg": 35.65163803100586, "data/dog_images/train/068.Flat-coated_retriever/Flat-coated_retriever_04730.jpg": 41.55714797973633, "data/dog_images/train/069.French_bulldog/French_bulldog_04823.jpg": 68.67646789550781, "data/dog_images/train/070.German_pinscher/German_pinscher_04880.jpg": 53.385459899902344, "data/dog_images/train/071.German_shepherd_dog/German_shepherd_dog_04895.jpg": 42.957298278808594, "data/dog_images/train/072.German_shorthaired_pointer/German_shorthaired_pointer_05022.jpg": 53.421852111816406, "data/dog_images/train/073.German_wirehaired_pointer/German_wirehaired_pointer_05056.jpg": 42.265899658203125, "data/dog_images/valid/074.Giant_schnauzer/Giant_schnauzer_05075.jpg": 40.116668701171875, "data/dog_images/train/089.Irish_wolfhound/Irish_wolfhound_06040.jpg": 37.443355560302734, "data/dog_images/train/076.Golden_retriever/Golden_retriever_05247.jpg": 29.533401489257812, "data/dog_images/train/077.Gordon_setter/Gordon_setter_05311.jpg": 44.66553497314453, "data/dog_images/train/078.Great_dane/Great_dane_05317.jpg": 37.777225494384766, "data/dog_images/test/079.Great_pyrenees/Great_pyrenees_05425.jpg": 30.495006561279297, "data/dog_images/train/080.Greater_swiss_mountain_dog/Greater_swiss_mountain_dog_05455.jpg": 46.9708366394043, "data/dog_images/train/081.Greyhound/Greyhound_05503.jpg": 53.991607666015625, "data/dog_images/train/100.Lowchen/Lowchen_06709.jpg": 27.62075424194336, "data/dog_images/test/083.Ibizan_hound/Ibizan_hound_05693.jpg": 90.34942626953125, "data/dog_images/train/084.Icelandic_sheepdog/Icelandic_sheepdog_05737.jpg": 35.62129592895508, "data/dog_images/train/085.Irish_red_and_white_setter/Irish_red_and_white_setter_05779.jpg": 38.193519592285156,