{"data/dog_images/valid/001.Affenpinscher/Affenpinscher_00068.jpg": 46.458560943603516, "data/dog_images/valid/002.Afghan_hound/Afghan_hound_00100.jpg": 23.902254104614258, "data/dog_images/valid/003.Airedale_terrier/Airedale_terrier_00206.jpg": 48.477020263671875, "data/dog_images/valid/004.Akita/Akita_00247.jpg": 29.84954833984375, "data/dog_images/valid/005.Alaskan_malamute/Alaskan_malamute_00344.jpg": 71.45196533203125, "data/dog_images/valid/006.American_eskimo_dog/American_eskimo_dog_00446.jpg": 40.390316009521484, "data/dog_images/valid/007.American_foxhound/American_foxhound_00481.jpg": 21.620895385742188, "data/dog_images/valid/034.Boxer/Boxer_02430.jpg": 28.271644592285156, "data/dog_images/valid/009.American_water_spaniel/American_water_spaniel_00648.jpg": 18.12384605407715, "data/dog_images/valid/010.Anatolian_shepherd_dog/Anatolian_shepherd_dog_00674.jpg": 29.219053268432617, "data/dog_images/valid/011.Australian_cattle_dog/Australian_cattle_dog_00733.jpg": 40.286922454833984, "data/dog_images/valid/012.Australian_shepherd/Australian_shepherd_00879.jpg": 33.60935974121094, "data/dog_images/valid/013.Australian_terrier/Australian_terrier_00893.jpg": 17.225688934326172, "data/dog_images/valid/014.Basenji/Basenji_00967.jpg": 24.733633041381836, "data/dog_images/valid/015.Basset_hound/Basset_hound_01117.jpg": 56.74000549316406, "data/dog_images/valid/016.Beagle/Beagle_01126.jpg": 29.10122299194336, "data/dog_images/valid/017.Bearded_collie/Bearded_collie_01267.jpg": 29.067628860473633, "data/dog_images/valid/018.Beauceron/Beauceron_01288.jpg": 18.146926879882812, "data/dog_images/valid/019.Bedlington_terrier/Bedlington_terrier_01396.jpg": 61.101654052734375, "data/dog_images/valid/020.Belgian_malinois/Belgian_malinois_01448.jpg": 29.6578311920166, "data/dog_images/valid/021.Belgian_sheepdog/Belgian_sheepdog_01542.jpg": 32.086360931396484, "data/dog_images/valid/022.Belgian_tervuren/Belgian_tervuren_01587.jpg": 34.818355560302734, "data/dog_images/valid/023.Bernese_mountain_dog/Bernese_mountain_dog_01661.jpg": 34.9046630859375, "data/dog_images/valid/024.Bichon_frise/Bichon_frise_01769.jpg": 28.307531356811523, "data/dog_images/valid/025.Black_and_tan_coonhound/Black_and_tan_coonhound_01785.jpg": 37.30482864379883, "data/dog_images/valid/026.Black_russian_terrier/Black_russian_terrier_01855.jpg": 22.028181076049805, "data/dog_images/valid/027.Bloodhound/Bloodhound_01894.jpg": 58.21464157104492, "data/dog_images/valid/028.Bluetick_coonhound/Bluetick_coonhound_01965.jpg": 49.08135223388672, "data/dog_images/valid/029.Border_collie/Border_collie_02085.jpg": 40.95692443847656, "data/dog_images/valid/030.Border_terrier/Border_terrier_02100.jpg": 42.815303802490234, "data/dog_images/valid/031.Borzoi/Borzoi_02216.jpg": 41.06984329223633, "data/dog_images/valid/032.Boston_terrier/Boston_terrier_02299.jpg": 47.95927429199219, "data/dog_images/valid/033.Bouvier_des_flandres/Bouvier_des_flandres_02329.jpg": 18.593219757080078, "data/dog_images/valid/034.Boxer/Boxer_02438.jpg": 42.49556350708008, "data/dog_images/valid/035.Boykin_spaniel/Boykin_spaniel_02468.jpg": 25.943708419799805, "data/dog_images/valid/036.Briard/Briard_02528.jpg": 29.608205795288086, "data/dog_images/valid/037.Brittany/Brittany_02644.jpg": 42.08735275268555, "data/dog_images/valid/038.Brussels_griffon/Brussels_griffon_02719.jpg": 52.28852081298828, "data/dog_images/valid/039.Bull_terrier/Bull_terrier_02732.jpg": 42.92131042480469, "data/dog_images/valid/040.Bulldog/Bulldog_02812.jpg": 36.19144058227539, "data/dog_images/valid/103.Mastiff/Mastiff_06880.jpg": 52.3699951171875, "data/dog_images/valid/042.Cairn_terrier/Cairn_terrier_03035.jpg": 38.46199417114258, "data/dog_images/valid/043.Canaan_dog/Canaan_dog_03051.jpg": 25.814912796020508, "data/dog_images/valid/103.Mastiff/Mastiff_06855.jpg": 30.59090232849121, "data/dog_images/valid/045.Cardigan_welsh_corgi/Cardigan_welsh_corgi_03206.jpg": 33.297950744628906, "data/dog_images/valid/064.English_toy_spaniel/English_toy_spaniel_04530.jpg": 42.79497146606445, "data/dog_images/valid/047.Chesapeake_bay_retriever/Chesapeake_bay_retriever_03391.jpg": 48.28227615356445, "data/dog_images/valid/048.Chihuahua/Chihuahua_03457.jpg": 61.82760238647461, "data/dog_images/valid/049.Chinese_crested/Chinese_crested_03482.jpg": 30.929481506347656, "data/dog_images/valid/050.Chinese_shar-pei/Chinese_shar-pei_03575.jpg": 31.329151153564453, "data/dog_images/valid/051.Chow_chow/Chow_chow_03661.jpg": 73.47054290771484, "data/dog_images/valid/052.Clumber_spaniel/Clumber_spaniel_03679.jpg": 45.53478240966797, "data/dog_images/valid/053.Cocker_spaniel/Cocker_spaniel_03775.jpg": 21.641836166381836, "data/dog_images/valid/054.Collie/Collie_03833.jpg": 45.906402587890625, "data/dog_images/valid/055.Curly-coated_retriever/Curly-coated_retriever_03869.jpg": 27.032899856567383, "data/dog_images/valid/056.Dachshund/Dachshund_03936.jpg": 22.241214752197266, "data/dog_images/valid/057.Dalmatian/Dalmatian_04057.jpg": 87.69970703125, "data/dog_images/valid/058.Dandie_dinmont_terrier/Dandie_dinmont_terrier_04144.jpg": 34.341949462890625, "data/dog_images/valid/018.Beauceron/Beauceron_01331.jpg": 24.816757202148438, "data/dog_images/valid/060.Dogue_de_bordeaux/Dogue_de_bordeaux_04265.jpg": 42.78490447998047, "data/dog_images/valid/061.English_cocker_spaniel/English_cocker_spaniel_04302.jpg": 36.72568893432617, "data/dog_images/valid/062.English_setter/English_setter_04414.jpg": 22.023082733154297, "data/dog_images/valid/063.English_springer_spaniel/English_springer_spaniel_04491.jpg": 31.094758987426758, "data/dog_images/valid/064.English_toy_spaniel/English_toy_spaniel_04499.jpg": 38.300453186035156, "data/dog_images/valid/065.Entlebucher_mountain_dog/Entlebucher_mountain_dog_04568.jpg": 29.545137405395508, "data/dog_images/valid/066.Field_spaniel/Field_spaniel_04602.jpg": 33.51758575439453, "data/dog_images/valid/067.Finnish_spitz/Finnish_spitz_04652.jpg": 22.830123901367188, "data/dog_images/valid/068.Flat-coated_retriever/Flat-coated_retriever_04683.jpg": 29.757036209106445, "data/dog_images/valid/069.French_bulldog/French_bulldog_04775.jpg": 55.651493072509766, "data/dog_images/valid/059.Doberman_pinscher/Doberman_pinscher_04208.jpg": 27.68521499633789, "data/dog_images/valid/071.German_shepherd_dog/German_shepherd_dog_04921.jpg": 35.94832992553711, "data/dog_images/valid/072.German_shorthaired_pointer/German_shorthaired_pointer_04985.jpg": 39.83551025390625, "data/dog_images/valid/073.German_wirehaired_pointer/German_wirehaired_pointer_05041.jpg": 26.093769073486328, "data/dog_images/valid/074.Giant_schnauzer/Giant_schnauzer_05075.jpg": 40.116668701171875, "data/dog_images/valid/075.Glen_of_imaal_terrier/Glen_of_imaal_terrier_05132.jpg": 13.508359909057617, "data/dog_images/valid/076.Golden_retriever/Golden_retriever_05256.jpg": 23.195110321044922, "data/dog_images/valid/077.Gordon_setter/Gordon_setter_05282.jpg": 31.554054260253906, "data/dog_images/valid/078.Great_dane/Great_dane_05328.jpg": 22.081453323364258, "data/dog_images/valid/079.Great_pyrenees/Great_pyrenees_05406.jpg": 23.72581672668457, "data/dog_images/valid/080.Greater_swiss_mountain_dog/Greater_swiss_mountain_dog_05460.jpg": 33.30855178833008, "data/dog_images/valid/081.Greyhound/Greyhound_05563.jpg": 51.952293395996094, "data/dog_images/valid/082.Havanese/Havanese_05641.jpg": 26.016372680664062, "data/dog_images/valid/083.Ibizan_hound/Ibizan_hound_05647.jpg": 60.31972885131836,